{"cameraMode":{"drawMode":0,"name":"Shaded","section":"Shading Mode"},"sceneLighting":true,"audioPlay":false,"sceneViewState":{"m_AlwaysRefresh":false,"showFog":true,"showSkybox":true,"showFlares":true,"showImageEffects":true,"showParticleSystems":true,"showVisualEffectGraphs":true,"m_FxEnabled":true},"in2DMode":false,"pivot":{"x":-0.22979134321212769,"y":0.3690508306026459,"z":-0.4796840250492096},"rotation":{"x":-0.00889598485082388,"y":0.7868568897247315,"z":0.011694375425577164,"w":0.6171558499336243},"size":1.402014970779419,"orthographic":false}