{"cameraMode":{"drawMode":0,"name":"Shaded","section":"Shading Mode"},"sceneLighting":true,"audioPlay":false,"sceneViewState":{"m_AlwaysRefresh":false,"showFog":true,"showSkybox":true,"showFlares":true,"showImageEffects":true,"showParticleSystems":true,"showVisualEffectGraphs":true,"m_FxEnabled":true},"in2DMode":false,"pivot":{"x":-0.025496959686279298,"y":0.12191551923751831,"z":-0.04004991054534912},"rotation":{"x":0.07424682378768921,"y":0.1635013073682785,"z":-0.012216913513839245,"w":0.9837568402290344},"size":2.0083799362182619,"orthographic":false}