{"cameraMode":{"drawMode":0,"name":"Shaded","section":"Shading Mode"},"sceneLighting":true,"audioPlay":false,"sceneViewState":{"m_AlwaysRefresh":false,"showFog":true,"showSkybox":true,"showFlares":true,"showImageEffects":true,"showParticleSystems":true,"showVisualEffectGraphs":true,"m_FxEnabled":true},"in2DMode":false,"pivot":{"x":4.664926052093506,"y":5.503538131713867,"z":0.5915489792823792},"rotation":{"x":0.020946599543094636,"y":0.7592731714248657,"z":-0.023944182321429254,"w":0.6503422856330872},"size":2.1622655391693117,"orthographic":false}