{"cameraMode":{"drawMode":0,"name":"Shaded","section":"Shading Mode"},"sceneLighting":true,"audioPlay":false,"sceneViewState":{"m_AlwaysRefresh":false,"showFog":true,"showSkybox":true,"showFlares":true,"showImageEffects":true,"showParticleSystems":true,"showVisualEffectGraphs":true,"m_FxEnabled":true},"in2DMode":false,"pivot":{"x":-3.425497055053711,"y":0.36991551518440249,"z":26.959949493408204},"rotation":{"x":-0.4279252588748932,"y":0.04661229997873306,"z":-0.022084128111600877,"w":-0.9023802876472473},"size":2.5905556678771974,"orthographic":false}