{"cameraMode":{"drawMode":0,"name":"Shaded","section":"Shading Mode"},"sceneLighting":true,"audioPlay":false,"sceneViewState":{"m_AlwaysRefresh":false,"showFog":true,"showSkybox":true,"showFlares":true,"showImageEffects":true,"showParticleSystems":true,"showVisualEffectGraphs":true,"m_FxEnabled":true},"in2DMode":false,"pivot":{"x":13.803644180297852,"y":2.114262580871582,"z":30.137895584106447},"rotation":{"x":-0.09722404181957245,"y":0.7669155597686768,"z":-0.11967930942773819,"w":-0.6229650378227234},"size":0.9325907230377197,"orthographic":false}