{"cameraMode":{"drawMode":0,"name":"Shaded","section":"Shading Mode"},"sceneLighting":true,"audioPlay":false,"sceneViewState":{"m_AlwaysRefresh":false,"showFog":true,"showSkybox":true,"showFlares":true,"showImageEffects":true,"showParticleSystems":true,"showVisualEffectGraphs":true,"m_FxEnabled":true},"in2DMode":false,"pivot":{"x":19.7022762298584,"y":15.295751571655274,"z":24.245725631713868},"rotation":{"x":0.0963665172457695,"y":-0.11707724630832672,"z":-0.011407599784433842,"w":-0.9883930683135986},"size":23.542722702026368,"orthographic":false}